total_profit,num_trades,avg_profit,win_rate,sharpe_ratio,max_drawdown
147.45605124256377,669,0.22041263264957217,1.0,126.49111860304876,0.0
